,precision,recall,f1-score,support
0,0.8395061728395061,0.9315068493150684,0.8831168831168831,73.0
1,0.9122807017543859,0.8,0.8524590163934426,65.0
accuracy,0.8695652173913043,0.8695652173913043,0.8695652173913043,0.8695652173913043
macro avg,0.875893437296946,0.8657534246575342,0.8677879497551628,138.0
weighted avg,0.8737840306617322,0.8695652173913043,0.8686765835732335,138.0
